{"cameraMode":{"drawMode":0,"name":"Shaded","section":"Shading Mode"},"sceneLighting":false,"audioPlay":false,"sceneViewState":{"m_AlwaysRefresh":false,"showFog":true,"showSkybox":false,"showFlares":true,"showImageEffects":true,"showParticleSystems":true,"showVisualEffectGraphs":true,"m_FxEnabled":true},"in2DMode":false,"pivot":{"x":2.7982468605041506,"y":10.194955825805664,"z":-3.1407840251922609},"rotation":{"x":0.1957099288702011,"y":0.34038764238357546,"z":-0.07266464084386826,"w":0.9168241620063782},"size":11.706284523010254,"orthographic":false}