{"cameraMode":{"drawMode":0,"name":"Shaded","section":"Shading Mode"},"sceneLighting":true,"audioPlay":false,"sceneViewState":{"m_AlwaysRefresh":false,"showFog":true,"showSkybox":true,"showFlares":true,"showImageEffects":true,"showParticleSystems":true,"showVisualEffectGraphs":true,"m_FxEnabled":true},"in2DMode":false,"pivot":{"x":-5.737124919891357,"y":11.696249961853028,"z":-27.371318817138673},"rotation":{"x":0.17911532521247865,"y":-0.048683322966098788,"z":0.008871220983564854,"w":0.9825896620750427},"size":12.124356269836426,"orthographic":false}