{"cameraMode":{"drawMode":0,"name":"Shaded","section":"Shading Mode"},"sceneLighting":true,"audioPlay":false,"sceneViewState":{"m_AlwaysRefresh":false,"showFog":true,"showSkybox":false,"showFlares":true,"showImageEffects":true,"showParticleSystems":true,"showVisualEffectGraphs":true,"m_FxEnabled":true},"in2DMode":false,"pivot":{"x":-0.0013570785522460938,"y":3.4546260833740236,"z":0.8520927429199219},"rotation":{"x":0.11500128358602524,"y":0.5831474661827087,"z":-0.08385206013917923,"w":0.7998098731040955},"size":9.752586364746094,"orthographic":false}